date,yield_curve_spread,sticky_cpi,core_cpi,core_pce,unemployment_rate,sahm_rule,ism_manufacturing_pmi,federal_funds_rate
1976-01-01,,7.691042386,55.9,1107.1,7.9,0.93,,
1976-01-31,,,,,,,,4.867741935483871
1976-02-01,,7.373666255,56.2,1107.7,7.7,0.2,,
1976-02-29,,,,,,,,4.770689655172413
1976-03-01,,7.334813689,56.5,1114.9,7.6,-0.27,,
1976-03-31,,,,,,,,4.83741935483871
1976-04-01,,6.847460223,56.7,1125.4,7.7,-0.1,,
1976-04-30,,,,,,,,4.816
1976-05-01,,6.965887097,57.0,1122.7,7.4,-0.1,,
1976-05-31,,,,,,,,5.290645161290322
1976-06-01,,6.871017008,57.2,1140.5,7.6,0.0,,
1976-06-30,0.8013636363636363,,,,,,,5.476333333333333
1976-07-01,,7.088593777,57.6,1149.6,7.8,0.1,,
1976-07-31,0.981904761904762,,,,,,,5.306451612903226
1976-08-01,,7.352526572,57.9,1158.0,7.8,0.3,,
1976-08-31,1.1372727272727272,,,,,,,5.290967741935484
1976-09-01,,7.092183496,58.2,1168.8,7.6,0.4,,
1976-09-30,1.178095238095238,,,,,,,5.252
1976-10-01,,6.878373933,58.5,1176.8,7.7,0.43,,
1976-10-31,1.427,,,,,,,5.02483870967742
1976-11-01,,6.612229044,58.7,1189.0,7.8,0.5,,
1976-11-30,1.4810526315789474,,,,,,,4.949
1976-12-01,,6.196677638,58.9,1211.5,7.8,0.47,,
1976-12-31,1.4922727272727272,,,,,,,4.651290322580645
1977-01-01,,6.048908185,59.3,1215.0,7.5,0.27,,
1977-01-31,1.3138095238095238,,,,,,,4.610967741935484
1977-02-01,,6.05231412,59.7,1231.3,7.6,0.1,,
1977-02-28,1.3026315789473684,,,,,,,4.6832142857142856
1977-03-01,,6.102888398,60.0,1238.3,7.4,-0.07,,
1977-03-31,1.3734782608695653,,,,,,,4.69
1977-04-01,,6.580655715,60.3,1247.3,7.2,-0.1,,
1977-04-30,1.407,,,,,,,4.727333333333333
1977-05-01,,6.741041444,60.6,1257.1,7.0,-0.2,,
1977-05-31,1.2019047619047618,,,,,,,5.35
1977-06-01,,6.920217354,61.0,1263.6,7.2,-0.07,,
1977-06-30,1.1481818181818182,,,,,,,5.3886666666666665
1977-07-01,,6.881150829,61.2,1280.5,6.9,-0.03,,
1977-07-31,1.055263157894737,,,,,,,5.419354838709677
1977-08-01,,6.832672177,61.5,1285.7,7.0,0.07,,
1977-08-31,0.7852173913043478,,,,,,,5.901935483870968
1977-09-01,,6.873489359,61.8,1294.5,6.8,0.0,,
1977-09-30,0.6295238095238096,,,,,,,6.138333333333334
1977-10-01,,6.950144555,62.0,1311.4,6.8,0.03,,
1977-10-31,0.4175,,,,,,,6.465483870967742
1977-11-01,,6.999499128,62.3,1327.0,6.8,-0.03,,
1977-11-30,0.43473684210526314,,,,,,,6.507666666666666
1977-12-01,,7.363992642,62.7,1336.0,6.4,-0.13,,
1977-12-31,0.5085714285714286,,,,,,,6.5606451612903225
1978-01-01,,7.371987718,63.1,1329.5,6.4,-0.17,,
1978-01-31,0.47047619047619044,,,,,,,6.703548387096775
1978-02-01,,7.341035476,63.4,1355.1,6.3,-0.2,,
1978-02-28,0.4683333333333333,,,,,,,6.784285714285715
1978-03-01,,7.433603181,63.8,1377.5,6.3,-0.07,,
1978-03-31,0.46090909090909093,,,,,,,6.793225806451613
1978-04-01,,7.413807475,64.3,1396.4,6.1,-0.1,,
1978-04-30,0.4105,,,,,,,6.8886666666666665
1978-05-01,,7.643491412,64.7,1412.0,6.0,0.0,,
1978-05-31,0.3395238095238095,,,,,,,7.36
1978-06-01,,7.679164103,65.2,1425.8,5.9,-0.17,,
1978-06-30,0.22272727272727275,,,,,,,7.596666666666667
1978-07-01,,7.912838518,65.6,1426.8,6.2,0.07,,
1978-07-31,0.15050000000000002,,,,,,,7.8106451612903225
1978-08-01,,8.176594615,66.1,1447.0,5.9,0.0,,
1978-08-31,0.044347826086956525,,,,,,,8.035806451612903
1978-09-01,,8.576148162,66.7,1452.9,6.0,0.1,,
1978-09-30,-0.149,,,,,,,8.449333333333334
1978-10-01,,9.03646557,67.2,1466.9,5.8,-0.03,,
1978-10-31,-0.21142857142857144,,,,,,,8.955483870967742
1978-11-01,,9.211524761,67.6,1480.6,5.9,-0.03,,
1978-11-30,-0.6195,,,,,,,9.754999999999999
1978-12-01,,9.058012586,68.0,1496.5,6.0,0.0,,
1978-12-31,-0.709,,,,,,,10.028709677419354
1979-01-01,,9.070516336,68.5,1502.4,5.9,0.0,,
1979-01-31,-0.7604545454545455,,,,,,,10.070967741935483
1979-02-01,,9.571356337,69.2,1517.8,5.9,-0.03,,
1979-02-28,-0.6183333333333333,,,,,,,10.058571428571428
1979-03-01,,9.675145162,69.8,1531.2,5.8,-0.07,,
1979-03-31,-0.6722727272727272,,,,,,,10.088709677419354
1979-04-01,,9.918953512,70.3,1538.4,5.8,0.0,,
1979-04-30,-0.5965,,,,,,,10.010333333333334
1979-05-01,,10.082376559,70.8,1558.8,5.6,0.03,,
1979-05-31,-0.5314285714285715,,,,,,,10.241935483870968
1979-06-01,,10.269173247,71.3,1575.7,5.7,0.0,,
1979-06-30,-0.3066666666666667,,,,,,,10.291666666666666
1979-07-01,,10.50434739,71.9,1586.1,5.7,-0.03,,
1979-07-31,-0.18761904761904763,,,,,,,10.471612903225807
1979-08-01,,10.93575743,72.7,1615.6,6.0,0.07,,
1979-08-31,-0.42913043478260865,,,,,,,10.936129032258064
1979-09-01,,10.98372295,73.3,1633.9,5.9,0.13,,
1979-09-30,-0.7215789473684211,,,,,,,11.428333333333335
1979-10-01,,11.257284188,74.0,1641.6,6.0,0.23,,
1979-10-31,-1.1904545454545454,,,,,,,13.768709677419356
1979-11-01,,11.926588317,74.8,1657.3,5.9,0.17,,
1979-11-30,-1.1552631578947368,,,,,,,13.180333333333333
1979-12-01,,12.734186684,75.7,1666.3,6.0,0.13,,
1979-12-31,-1.0045,,,,,,,13.778709677419354
1980-01-01,,13.469735746,76.7,1697.3,6.3,0.23,,
1980-01-31,-0.6959090909090909,,,,,,,13.816774193548387
1980-02-01,,13.599492679,77.5,1701.4,6.3,0.3,,
1980-02-29,-1.0036842105263157,,,,,,,14.126206896551725
1980-03-01,,14.331667424,78.6,1708.2,6.3,0.4,,
1980-03-31,-2.1357142857142857,,,,,,,17.192258064516132
1980-04-01,,14.755204998,79.5,1695.2,6.9,0.67,,
1980-04-30,-1.0285714285714287,,,,,,,17.607666666666667
1980-05-01,,15.115272835,80.1,1700.1,7.5,1.27,,
1980-05-31,0.7314285714285714,,,,,,,10.983225806451614
1980-06-01,,15.774166719,81.0,1718.8,7.6,1.77,,
1980-06-30,1.05,,,,,,,9.472000000000001
1980-07-01,,14.133410238,80.8,1747.1,7.8,2.03,,
1980-07-31,1.2181818181818183,,,,,,,9.025806451612903
1980-08-01,,13.268359535,81.3,1763.8,7.7,1.93,,
1980-08-31,0.5742857142857143,,,,,,,9.605483870967742
1980-09-01,,13.087752647,82.1,1780.5,7.5,1.83,,
1980-09-30,-0.0661904761904762,,,,,,,10.871999999999998
1980-10-01,,13.084188753,83.0,1817.1,7.5,1.73,,
1980-10-31,-0.33681818181818185,,,,,,,12.813548387096773
1980-11-01,,12.870601808,83.9,1826.8,7.5,1.7,,
1980-11-30,-0.8294117647058823,,,,,,,15.848666666666666
1980-12-01,,12.685251999,84.9,1851.7,7.2,1.57,,
1980-12-31,-1.2327272727272727,,,,,,,18.896129032258063
1981-01-01,,12.018100571,85.4,1870.0,7.5,1.4,,
1981-01-31,-0.6938095238095239,,,,,,,19.08451612903226
1981-02-01,,11.229271193,85.9,1884.2,7.4,1.23,,
1981-02-28,-0.7244444444444444,,,,,,,15.934285714285716
1981-03-01,,10.319341471,86.4,1902.9,7.4,1.1,,
1981-03-31,-0.45272727272727276,,,,,,,14.703870967741935
1981-04-01,,9.710596634,87.0,1904.4,7.2,0.83,,
1981-04-30,-0.47190476190476194,,,,,,,15.719
1981-05-01,,9.603160634,87.8,1913.8,7.5,0.47,,
1981-05-31,-1.3575,,,,,,,18.51774193548387
1981-06-01,,9.212167638,88.6,1934.5,7.5,0.1,,
1981-06-30,-1.0336363636363637,,,,,,,19.099666666666668
1981-07-01,,11.238230349,89.8,1942.1,7.2,0.0,,
1981-07-31,-1.0731818181818182,,,,,,,19.035806451612903
1981-08-01,,11.81874206,90.7,1966.6,7.4,-0.13,,
1981-08-31,-1.3476190476190477,,,,,,,17.817741935483873
1981-09-01,,12.228963711,91.8,1965.5,7.6,0.07,,
1981-09-30,-1.1338095238095238,,,,,,,15.874
1981-10-01,,11.266251913,92.1,1963.9,7.9,0.4,,
1981-10-31,-0.3947619047619047,,,,,,,15.08
1981-11-01,,10.524035314,92.5,1970.6,8.3,0.8,,
1981-11-30,0.5111111111111111,,,,,,,13.306999999999999
1981-12-01,,9.855791699,93.0,1988.8,8.5,1.07,,
1981-12-31,0.43409090909090914,,,,,,,12.369032258064516
1982-01-01,,9.469843405,93.3,1997.1,8.6,1.23,,
1982-01-31,0.026000000000000002,,,,,,,13.220645161290324
1982-02-01,,9.539828014,93.8,2021.2,8.9,1.4,,
1982-02-28,-0.3977777777777778,,,,,,,14.779285714285715
1982-03-01,,8.890430545,93.9,2024.1,9.0,1.47,,
1982-03-31,-0.33304347826086955,,,,,,,14.677741935483871
1982-04-01,,9.081124943,94.7,2026.3,9.3,1.77,,
1982-04-30,-0.3304761904761905,,,,,,,14.937000000000001
1982-05-01,,9.052945034,95.4,2044.5,9.4,2.0,,
1982-05-31,-0.15450000000000003,,,,,,,14.45483870967742
1982-06-01,,8.878235542,96.1,2048.1,9.6,2.17,,
1982-06-30,-0.1659090909090909,,,,,,,14.152666666666667
1982-07-01,,7.889386151,96.7,2072.2,9.8,2.3,,
1982-07-31,0.14904761904761904,,,,,,,12.586774193548386
1982-08-01,,7.329095724,97.1,2080.1,9.8,2.4,,
1982-08-31,0.7313636363636363,,,,,,,10.119032258064516
1982-09-01,,5.979568161,97.2,2104.6,10.1,2.53,,
1982-09-30,0.5557142857142857,,,,,,,10.309666666666667
1982-10-01,,5.978948458,97.5,2125.8,10.4,2.47,,
1982-10-31,0.719,,,,,,,9.707096774193548
1982-11-01,,5.304532965,97.3,2149.3,10.8,2.47,,
1982-11-30,0.7547368421052632,,,,,,,9.196333333333333
1982-12-01,,4.248605204,97.2,2161.6,10.8,2.37,,
1982-12-31,0.8777272727272727,,,,,,,8.945483870967742
1983-01-01,,4.424606951,97.6,2174.0,10.4,2.13,,
1983-01-31,1.1295238095238094,,,,,,,8.683225806451613
1983-02-01,,4.356216055,98.0,2177.0,10.4,1.87,,
1983-02-28,1.088421052631579,,,,,,,8.508928571428571
1983-03-01,,4.586331541,98.2,2202.8,10.3,1.57,,
1983-03-31,0.8504347826086956,,,,,,,8.766129032258064
1983-04-01,,4.187719488,98.6,2226.4,10.2,1.27,,
1983-04-30,0.8320000000000001,,,,,,,8.802
1983-05-01,,3.285270905,98.9,2245.9,10.1,0.97,,
1983-05-31,0.8909523809523809,,,,,,,8.629999999999999
1983-06-01,,2.582464401,99.2,2276.0,10.1,0.7,,
1983-06-30,0.6668181818181819,,,,,,,8.982
1983-07-01,,2.370321394,99.8,2304.4,9.4,0.3,,
1983-07-31,0.692,,,,,,,9.36774193548387
1983-08-01,,2.293245829,100.1,2320.4,9.5,-0.07,,
1983-08-31,0.7756521739130434,,,,,,,9.558387096774194
1983-09-01,,2.688915363,100.5,2334.9,9.2,-0.23,,
1983-09-30,0.8638095238095238,,,,,,,9.448
1983-10-01,,2.837489986,101.0,2357.6,8.8,-0.23,,
1983-10-31,0.97,,,,,,,9.476129032258065
1983-11-01,,3.496604743,101.5,2366.3,8.5,-0.37,,
1983-11-30,1.0257894736842106,,,,,,,9.34
1983-12-01,,4.455576949,101.8,2393.6,8.3,-0.33,,
1983-12-31,0.9928571428571429,,,,,,,9.471290322580646
1984-01-01,,4.47100051,102.5,2419.4,8.0,-0.27,,
1984-01-31,1.0319047619047619,,,,,,,9.558387096774194
1984-02-01,,4.509240951,102.8,2403.5,7.8,-0.2,,
1984-02-29,1.056842105263158,,,,,,,9.587586206896553
1984-03-01,,4.638826514,103.2,2431.6,7.8,-0.13,,
1984-03-31,1.0045454545454546,,,,,,,9.913225806451614
1984-04-01,,4.632179596,103.7,2457.5,7.7,-0.07,,
1984-04-30,0.9475,,,,,,,10.291
1984-05-01,,4.693964637,104.1,2474.5,7.4,-0.1,,
1984-05-31,0.9386363636363636,,,,,,,10.319354838709677
1984-06-01,,4.773046608,104.5,2495.6,7.2,-0.23,,
1984-06-30,0.6561904761904762,,,,,,,11.061666666666667
1984-07-01,,4.88156286,105.0,2494.6,7.5,-0.1,,
1984-07-31,0.4847619047619047,,,,,,,11.234193548387097
1984-08-01,,5.017877611,105.4,2512.2,7.5,0.0,,
1984-08-31,0.2817391304347826,,,,,,,11.637096774193548
1984-09-01,,5.122410713,105.8,2533.8,7.3,0.1,,
1984-09-30,0.3178947368421053,,,,,,,11.302666666666665
1984-10-01,,5.086232886,106.2,2531.3,7.4,0.07,,
1984-10-31,0.5604545454545454,,,,,,,9.985483870967743
1984-11-01,,4.951399759,106.4,2571.4,7.2,-0.03,,
1984-11-30,0.9236842105263158,,,,,,,9.425666666666666
1984-12-01,,5.03485707,106.8,2582.6,7.3,-0.07,100.0,
1984-12-31,1.318,,,,,,,8.381612903225806
1985-01-01,,4.71440976,107.1,2618.8,7.3,0.03,,
1985-01-31,1.4533333333333334,,,,,,,8.349032258064517
1985-02-01,,4.860092398,107.7,2640.8,7.2,0.1,,
1985-02-28,1.3433333333333333,,,,,,,8.501428571428571
1985-03-01,,4.95037523,108.1,2648.5,7.2,0.13,,
1985-03-31,1.1423809523809523,,,,,,,8.577419354838709
1985-04-01,,4.742850309,108.4,2659.5,7.3,0.1,,
1985-04-30,1.3457142857142859,,,,,,,8.267333333333333
1985-05-01,,5.02421107,108.8,2696.4,7.2,0.1,,
1985-05-31,1.4527272727272729,,,,,,,7.970967741935484
1985-06-01,,5.042571195,109.1,2689.4,7.4,0.1,,
1985-06-30,1.468,,,,,,,7.533333333333333
1985-07-01,,4.934458147,109.4,2715.7,7.4,0.1,,
1985-07-31,1.5336363636363637,,,,,,,7.883870967741935
1985-08-01,,4.931448285,109.8,2752.1,7.1,0.0,,
1985-08-31,1.3881818181818182,,,,,,,7.898387096774194
1985-09-01,,4.772256068,110.0,2794.7,7.1,-0.07,,
1985-09-30,1.39,,,,,,,7.921333333333333
1985-10-01,,4.87735108,110.5,2755.8,7.1,-0.07,,
1985-10-31,1.3722727272727273,,,,,,,7.986451612903227
1985-11-01,,5.134382326,111.1,2771.1,7.0,0.0,,
1985-11-30,1.2005263157894737,,,,,,,8.050666666666666
1985-12-01,,5.015425836,111.4,2811.3,7.0,-0.07,,
1985-12-31,1.1123809523809522,,,,,,,8.274516129032257
1986-01-01,,5.280952944,111.9,2827.1,6.7,-0.13,101.3,
1986-01-31,1.0514285714285716,,,,,,,8.144838709677419
1986-02-01,,5.109255446,112.2,2820.2,7.2,0.1,99.9,
1986-02-28,0.7368421052631579,,,,,,,7.86
1986-03-01,,5.212476107,112.5,2823.6,7.2,0.2,98.3,
1986-03-31,0.564,,,,,,,7.479032258064516
1986-04-01,,5.352667382,112.9,2835.2,7.1,0.33,97.9,
1986-04-30,0.604090909090909,,,,,,,6.988
1986-05-01,,5.024657147,113.1,2857.5,7.2,0.33,98.2,
1986-05-31,0.6423809523809524,,,,,,,6.852903225806451
1986-06-01,,5.026885723,113.4,2861.7,7.2,0.3,98.2,
1986-06-30,0.6147619047619047,,,,,,,6.916666666666667
1986-07-01,,4.960427947,113.8,2881.2,7.0,0.23,97.5,
1986-07-31,0.6368181818181818,,,,,,,6.557096774193549
1986-08-01,,4.823456322,114.2,2898.6,6.9,0.07,97.4,
1986-08-31,0.8395238095238095,,,,,,,6.170645161290322
1986-09-01,,4.947499067,114.6,2971.8,7.0,0.03,97.6,
1986-09-30,1.1014285714285714,,,,,,,5.890333333333333
1986-10-01,,4.881662479,115.0,2932.9,7.0,0.07,98.2,
1986-10-31,1.1472727272727272,,,,,,,5.845806451612903
1986-11-01,,4.575152807,115.3,2928.4,6.9,0.13,98.3,
1986-11-30,0.9738888888888889,,,,,,,6.039333333333333
1986-12-01,,4.654910621,115.6,2997.1,6.6,-0.07,98.3,
1986-12-31,0.8409090909090909,,,,,,,6.907741935483871
1987-01-01,,4.492110038,115.9,2935.5,6.6,-0.07,99.1,
1987-01-31,0.8584999999999999,,,,,,,6.426451612903226
1987-02-01,,4.45173175,116.2,3001.7,6.6,-0.07,99.5,
1987-02-28,0.8526315789473684,,,,,,,6.101071428571428
1987-03-01,,4.276017854,116.6,3013.3,6.6,-0.03,99.5,
1987-03-31,0.8240909090909091,,,,,,,6.128387096774193
1987-04-01,,4.371203735,117.3,3038.8,6.3,-0.13,100.2,
1987-04-30,0.9985714285714286,,,,,,,6.365333333333334
1987-05-01,,4.429512321,117.7,3048.4,6.3,-0.13,100.6,
1987-05-31,0.8515,,,,,,,6.852903225806451
1987-06-01,,4.187984457,117.9,3072.8,6.2,-0.17,100.9,
1987-06-30,0.8290909090909092,,,,,,,6.725
1987-07-01,,4.178766144,118.3,3094.7,6.1,-0.1,101.3,
1987-07-31,1.0045454545454546,,,,,,,6.58225806451613
1987-08-01,,4.293051178,118.7,3130.8,6.0,-0.1,101.6,
1987-08-31,1.0076190476190476,,,,,,,6.732258064516128
1987-09-01,,4.305931321,119.2,3126.5,5.9,-0.07,101.3,
1987-09-30,1.0780952380952382,,,,,,,7.216333333333334
1987-10-01,,4.356981982,119.8,3134.5,6.0,0.0,102.0,
1987-10-31,1.1223809523809525,,,,,,,7.288709677419354
1987-11-01,,4.329616016,120.1,3144.2,5.8,-0.03,102.2,
1987-11-30,1.167894736842105,,,,,,,6.693333333333333
1987-12-01,,4.291749243,120.4,3174.1,5.7,-0.03,102.1,
1987-12-31,1.13,,,,,,,6.769677419354839
1988-01-01,,4.373233966,120.9,3213.7,5.7,-0.07,102.4,
1988-01-31,1.0357894736842106,,,,,,,6.833870967741936
1988-02-01,,4.375628463,121.2,3221.4,5.7,-0.07,102.6,
1988-02-29,1.0314999999999999,,,,,,,6.582758620689655
1988-03-01,,4.440936865,121.7,3260.5,5.7,-0.07,102.8,
1988-03-31,1.1030434782608696,,,,,,,6.575806451612903
1988-04-01,,4.37597416,122.3,3263.0,5.4,-0.13,103.4,
1988-04-30,1.129,,,,,,,6.871666666666667
1988-05-01,,4.432652625,122.7,3293.6,5.6,-0.03,103.9,
1988-05-31,1.0933333333333333,,,,,,,7.086451612903226
1988-06-01,,4.673118224,123.2,3318.5,5.4,-0.1,104.3,
1988-06-30,0.8954545454545454,,,,,,,7.509
1988-07-01,,4.70086963,123.6,3342.7,5.4,0.0,104.9,
1988-07-31,0.777,,,,,,,7.754838709677419
1988-08-01,,4.674256215,124.0,3368.0,5.6,0.0,105.1,
1988-08-31,0.6317391304347827,,,,,,,8.009032258064517
1988-09-01,,4.721200474,124.7,3375.0,5.4,0.03,105.1,
1988-09-30,0.5138095238095238,,,,,,,8.193333333333333
1988-10-01,,4.607887381,125.2,3413.7,5.4,0.0,105.6,
1988-10-31,0.4415,,,,,,,8.296129032258065
1988-11-01,,4.742903047,125.6,3430.2,5.3,-0.07,106.1,
1988-11-30,0.2965,,,,,,,8.345
1988-12-01,,4.790034691,126.0,3459.7,5.3,-0.03,106.4,
1988-12-31,0.017142857142857144,,,,,,,8.76032258064516
1989-01-01,,4.748201473,126.5,3483.7,5.4,0.03,107.5,
1989-01-31,-0.08399999999999999,,,,,,,9.121290322580645
1989-02-01,,4.783533199,126.9,3488.0,5.2,-0.07,107.9,
1989-02-28,-0.2026315789473684,,,,,,,9.36107142857143
1989-03-01,,4.750414948,127.4,3498.8,5.0,-0.1,108.5,
1989-03-31,-0.32181818181818184,,,,,,,9.848709677419356
1989-04-01,,4.618488017,127.8,3543.0,5.2,-0.03,109.4,
1989-04-30,-0.27599999999999997,,,,,,,9.835333333333333
1989-05-01,,4.742747969,128.3,3551.8,5.2,0.03,110.1,
1989-05-31,-0.15863636363636366,,,,,,,9.809032258064516
1989-06-01,,4.74510822,128.8,3566.6,5.3,0.13,110.1,
1989-06-30,-0.1290909090909091,,,,,,,9.53
1989-07-01,,4.893807623,129.2,3585.7,5.2,0.1,109.9,
1989-07-31,0.199,,,,,,,9.235483870967743
1989-08-01,,4.854148787,129.5,3620.6,5.2,0.1,109.6,
1989-08-31,-0.03217391304347826,,,,,,,8.992258064516129
1989-09-01,,4.669891213,129.9,3621.9,5.3,0.1,109.9,
1989-09-30,-0.094,,,,,,,9.020999999999999
1989-10-01,,4.802933382,130.6,3633.6,5.3,0.13,110.8,
1989-10-31,0.02857142857142857,,,,,,,8.840645161290322
1989-11-01,,4.797568826,131.1,3643.3,5.4,0.2,110.8,
1989-11-30,0.07857142857142857,,,,,,,8.548
1989-12-01,,4.829006386,131.6,3684.2,5.4,0.13,111.0,
1989-12-31,0.059,,,,,,,8.452580645161289
1990-01-01,,4.905908309,132.1,3730.7,5.4,0.13,112.7,
1990-01-31,0.12142857142857141,,,,,,,8.229032258064516
1990-02-01,,4.91755923,132.7,3728.2,5.3,0.13,112.2,
1990-02-28,0.10263157894736842,,,,,,,8.237142857142858
1990-03-01,,5.19152475,133.5,3754.9,5.2,0.1,112.3,
1990-03-31,-0.038181818181818185,,,,,,,8.276774193548386
1990-04-01,,5.276985365,134.0,3770.0,5.4,0.13,112.6,
1990-04-30,0.0615,,,,,,,8.255
1990-05-01,,5.166732439,134.4,3775.8,5.4,0.13,113.1,
1990-05-31,0.11590909090909092,,,,,,,8.176451612903225
1990-06-01,,5.370697673,135.1,3804.5,5.2,0.03,113.1,
1990-06-30,0.12904761904761905,,,,,,,8.288666666666666
1990-07-01,,5.516605952,135.8,3821.7,5.5,0.07,113.2,
1990-07-31,0.3142857142857143,,,,,,,8.15258064516129
1990-08-01,,5.836270781,136.6,3848.3,5.7,0.17,114.6,
1990-08-31,0.691304347826087,,,,,,,8.134193548387097
1990-09-01,,5.930360317,137.1,3870.1,5.9,0.33,116.2,
1990-09-30,0.8136842105263158,,,,,,,8.195
1990-10-01,,5.798506168,137.6,3870.6,5.9,0.4,118.1,
1990-10-31,0.8418181818181818,,,,,,,8.112580645161291
1990-11-01,,5.683108196,138.0,3871.9,6.2,0.5,118.2,
1990-11-30,0.7935,,,,,,,7.806666666666667
1990-12-01,,5.651092078,138.6,3861.3,6.3,0.6,117.2,
1990-12-31,0.761,,,,,,,7.312903225806451
1991-01-01,,5.815290409,139.5,3841.0,6.4,0.77,116.9,
1991-01-31,0.9676190476190476,,,,,,,6.906451612903226
1991-02-01,,5.8623588,140.2,3866.7,6.6,0.97,116.2,
1991-02-28,0.9878947368421053,,,,,,,6.2524999999999995
1991-03-01,,5.474284579,140.5,3913.0,6.8,1.2,115.3,
1991-03-31,1.0070000000000001,,,,,,,6.115161290322581
1991-04-01,,5.276160434,140.9,3907.1,6.7,1.3,115.4,
1991-04-30,1.0909090909090908,,,,,,,5.912333333333334
1991-05-01,,5.222445891,141.3,3933.2,6.9,1.43,115.6,
1991-05-31,1.2840909090909092,,,,,,,5.782903225806452
1991-06-01,,4.934653949,141.8,3940.5,6.9,1.5,115.6,
1991-06-30,1.328,,,,,,,5.899666666666667
1991-07-01,,4.713410392,142.3,3966.0,6.8,1.53,115.4,
1991-07-31,1.355,,,,,,,5.820967741935483
1991-08-01,,4.393094508,142.9,3969.1,6.9,1.4,115.7,
1991-08-31,1.466818181818182,,,,,,,5.661290322580645
1991-09-01,,4.443594793,143.4,3984.7,6.9,1.17,115.7,
1991-09-30,1.4685000000000001,,,,,,,5.447
1991-10-01,,4.288991989,143.7,3976.0,7.0,1.1,116.4,
1991-10-31,1.615,,,,,,,5.209677419354839
1991-11-01,,4.34967757,144.2,4003.6,7.0,1.0,116.5,
1991-11-30,1.858421052631579,,,,,,,4.811333333333334
1991-12-01,,4.346967664,144.7,4020.5,7.3,1.0,116.0,
1991-12-31,2.0628571428571427,,,,,,,4.434193548387097
1992-01-01,,4.052308746,145.1,4084.7,7.3,0.93,115.9,
1992-01-31,2.0742857142857143,,,,,,,4.034193548387097
1992-02-01,,3.861765064,145.4,4099.5,7.4,0.9,116.3,
1992-02-29,2.1257894736842107,,,,,,,4.057586206896552
1992-03-01,,3.975844252,145.9,4117.0,7.4,0.77,116.4,
1992-03-31,1.8572727272727272,,,,,,,3.983225806451613
1992-04-01,,4.066438773,146.3,4131.5,7.4,0.67,116.9,
1992-04-30,2.136190476190476,,,,,,,3.734666666666667
1992-05-01,,3.926410529,146.8,4158.4,7.6,0.63,117.6,
1992-05-31,2.1665,,,,,,,3.823225806451613
1992-06-01,,3.860188559,147.1,4177.1,7.8,0.73,117.9,
1992-06-30,2.213636363636364,,,,,,,3.7626666666666666
1992-07-01,,3.769367667,147.6,4204.8,7.7,0.87,117.8,
1992-07-31,2.489090909090909,,,,,,,3.253548387096774
1992-08-01,,3.628120085,147.9,4220.9,7.6,0.9,117.6,
1992-08-31,2.392857142857143,,,,,,,3.303225806451613
1992-09-01,,3.349237754,148.1,4255.3,7.6,0.8,117.6,
1992-09-30,2.520952380952381,,,,,,,3.219666666666667
1992-10-01,,3.6359146,148.8,4284.7,7.3,0.67,118.3,
1992-10-31,2.5061904761904765,,,,,,,3.099032258064516
1992-11-01,,3.629469745,149.2,4300.5,7.4,0.5,118.2,
1992-11-30,2.2936842105263158,,,,,,,3.0876666666666663
1992-12-01,,3.478262556,149.6,4336.4,7.4,0.37,117.9,
1992-12-31,2.096363636363636,,,,,,,2.919677419354839
1993-01-01,,3.528455109,150.1,4340.7,7.3,0.2,118.4,
1993-01-31,2.21,,,,,,,3.024193548387097
1993-02-01,,3.561853788,150.6,4355.3,7.1,-0.03,118.9,
1993-02-28,2.1605263157894736,,,,,,,3.027142857142857
1993-03-01,,3.334428143,150.8,4352.5,7.0,-0.1,119.3,
1993-03-31,2.0256521739130435,,,,,,,3.074193548387097
1993-04-01,,3.404237829,151.4,4393.4,7.1,-0.03,119.7,
1993-04-30,2.131904761904762,,,,,,,2.957666666666667
1993-05-01,,3.532736691,151.8,4422.4,7.1,-0.03,119.8,
1993-05-31,2.0585,,,,,,,2.9961290322580645
1993-06-01,,3.569326945,152.1,4440.0,7.0,0.0,119.5,
1993-06-30,1.799090909090909,,,,,,,3.038
1993-07-01,,3.422616714,152.3,4468.9,6.9,-0.07,119.3,
1993-07-31,1.7333333333333332,,,,,,,3.055483870967742
1993-08-01,,3.508810757,152.8,4481.1,6.8,-0.07,118.6,
1993-08-31,1.6763636363636365,,,,,,,3.032258064516129
1993-09-01,,3.642383692,152.9,4511.5,6.7,-0.1,118.4,
1993-09-30,1.512857142857143,,,,,,,3.0863333333333336
1993-10-01,,3.424737275,153.4,4532.8,6.8,0.0,119.4,
1993-10-31,1.4594999999999998,,,,,,,2.9925806451612904
1993-11-01,,3.436277096,153.9,4554.1,6.6,-0.1,119.3,
1993-11-30,1.5685,,,,,,,3.0180000000000002
1993-12-01,,3.548475916,154.3,4571.1,6.5,-0.1,118.8,
1993-12-31,1.5618181818181818,,,,,,,2.9551612903225806
1994-01-01,,3.375759896,154.5,4585.1,6.6,0.0,119.3,
1994-01-31,1.6105,,,,,,,3.0506451612903227
1994-02-01,,3.415920384,154.8,4632.6,6.6,0.0,119.8,
1994-02-28,1.4989473684210526,,,,,,,3.245
1994-03-01,,3.570150943,155.3,4646.0,6.5,0.03,119.9,
1994-03-31,1.4873913043478262,,,,,,,3.335806451612903
1994-04-01,,3.354397547,155.5,4671.1,6.4,-0.07,120.1,
1994-04-30,1.4226315789473685,,,,,,,3.555
1994-05-01,,3.225532887,155.9,4669.5,6.1,-0.17,120.4,
1994-05-31,1.2152380952380952,,,,,,,4.010967741935484
1994-06-01,,3.194738495,156.4,4708.9,6.1,-0.17,120.4,
1994-06-30,1.17,,,,,,,4.245666666666667
1994-07-01,,3.233880147,156.7,4720.6,6.1,-0.1,120.9,
1994-07-31,1.168,,,,,,,4.256129032258064
1994-08-01,,3.306714086,157.1,4762.6,6.0,0.03,121.5,
1994-08-31,1.058695652173913,,,,,,,4.474516129032258
1994-09-01,,3.254281644,157.5,4775.0,5.9,0.0,121.1,
1994-09-30,1.0647619047619048,,,,,,,4.733666666666666
1994-10-01,,3.164264289,157.8,4812.9,5.8,-0.1,121.5,
1994-10-31,1.0154999999999998,,,,,,,4.76
1994-11-01,,3.128282179,158.2,4825.6,5.6,-0.17,121.9,
1994-11-30,0.8065,,,,,,,5.294666666666667
1994-12-01,,2.901446577,158.3,4841.6,5.5,-0.13,121.7,
1994-12-31,0.22428571428571428,,,,,,,5.453225806451614
1995-01-01,,3.144200833,159.0,4851.2,5.6,0.0,122.6,
1995-01-31,0.2725,,,,,,,5.52741935483871
1995-02-01,,3.124100115,159.4,4850.8,5.4,-0.07,123.1,
1995-02-28,0.35789473684210527,,,,,,,5.915357142857142
1995-03-01,,3.167481169,159.9,4885.4,5.4,0.03,123.4,
1995-03-31,0.42913043478260865,,,,,,,5.976451612903226
1995-04-01,,3.306684647,160.4,4890.2,5.8,0.07,124.1,
1995-04-30,0.4947368421052632,,,,,,,6.047333333333333
1995-05-01,,3.355294523,160.7,4933.1,5.6,0.17,124.5,
1995-05-31,0.46181818181818185,,,,,,,6.009032258064516
1995-06-01,,3.332283478,161.1,4977.5,5.6,0.2,124.4,
1995-06-30,0.4522727272727272,,,,,,,6.001333333333333
1995-07-01,,3.386948974,161.4,4970.2,5.7,0.17,124.4,
1995-07-31,0.49799999999999994,,,,,,,5.851935483870967
1995-08-01,,3.23814109,161.8,5005.3,5.7,0.13,124.4,
1995-08-31,0.5073913043478261,,,,,,,5.735161290322581
1995-09-01,,3.351697522,162.2,5020.5,5.6,0.13,124.3,
1995-09-30,0.3915,,,,,,,5.804666666666666
1995-10-01,,3.46411606,162.7,5013.9,5.5,0.07,125.1,
1995-10-31,0.3476190476190476,,,,,,,5.756129032258064
1995-11-01,,3.37996065,163.0,5055.6,5.6,0.07,125.1,
1995-11-30,0.45142857142857146,,,,,,,5.803
1995-12-01,,3.379829487,163.1,5097.5,5.6,0.07,125.3,
1995-12-31,0.387,,,,,,,5.601935483870967
1996-01-01,,3.277075064,163.7,5085.7,5.6,0.17,125.8,
1996-01-31,0.54,,,,,,,5.564838709677419
1996-02-01,,3.259936249,164.0,5132.8,5.5,0.13,125.7,
1996-02-29,0.78,,,,,,,5.224482758620689
1996-03-01,,3.134500987,164.4,5173.3,5.5,0.1,126.0,
1996-03-31,0.6076190476190476,,,,,,,5.314193548387097
1996-04-01,,3.004778103,164.6,5208.0,5.6,-0.03,126.8,
1996-04-30,0.5540909090909091,,,,,,,5.223666666666667
1996-05-01,,3.047772222,165.0,5223.8,5.6,0.03,127.4,
1996-05-31,0.6418181818181817,,,,,,,5.235161290322581
1996-06-01,,3.051784638,165.4,5229.8,5.3,-0.07,127.1,
1996-06-30,0.615,,,,,,,5.2733333333333325
1996-07-01,,3.087421545,165.7,5251.9,5.5,0.0,127.1,
1996-07-31,0.5954545454545455,,,,,,,5.396451612903226
1996-08-01,,3.083473301,166.0,5275.0,5.1,-0.17,127.4,
1996-08-31,0.6063636363636363,,,,,,,5.222903225806451
1996-09-01,,3.063090207,166.5,5296.6,5.2,-0.03,127.5,
1996-09-30,0.598,,,,,,,5.299
1996-10-01,,2.943741816,166.8,5328.5,5.2,-0.07,128.2,
1996-10-31,0.620909090909091,,,,,,,5.2380645161290325
1996-11-01,,2.980390413,167.2,5351.2,5.4,0.1,128.0,
1996-11-30,0.5021052631578947,,,,,,,5.311000000000001
1996-12-01,,3.05642197,167.4,5378.6,5.4,0.07,128.0,
1996-12-31,0.5204761904761904,,,,,,,5.2945161290322575
1997-01-01,,2.91241515,167.8,5411.1,5.3,0.13,128.1,
1997-01-31,0.570952380952381,,,,,,,5.2545161290322575
1997-02-01,,2.802464903,168.1,5434.0,5.2,0.13,127.9,
1997-02-28,0.5210526315789474,,,,,,,5.185714285714285
1997-03-01,,2.854608076,168.4,5454.2,5.2,0.1,127.8,
1997-03-31,0.4725,,,,,,,5.386129032258064
1997-04-01,,2.910920374,168.9,5459.3,5.1,-0.07,127.7,
1997-04-30,0.43727272727272726,,,,,,,5.507333333333333
1997-05-01,,2.870203143,169.2,5460.2,4.9,-0.17,127.6,
1997-05-31,0.4342857142857143,,,,,,,5.5041935483870965
1997-06-01,,2.828445596,169.4,5494.2,5.0,-0.07,127.2,
1997-06-30,0.3990476190476191,,,,,,,5.555666666666666
1997-07-01,,2.752239262,169.7,5548.8,4.9,-0.03,126.9,
1997-07-31,0.32954545454545453,,,,,,,5.521290322580645
1997-08-01,,2.653670773,169.8,5587.0,4.8,0.03,127.4,
1997-08-31,0.3595238095238095,,,,,,,5.542258064516129
1997-09-01,,2.544804261,170.2,5601.7,4.9,0.0,127.3,
1997-09-30,0.32666666666666666,,,,,,,5.540666666666667
1997-10-01,,2.618900715,170.6,5637.7,4.7,-0.03,127.6,
1997-10-31,0.25772727272727275,,,,,,,5.4961290322580645
1997-11-01,,2.548580799,170.8,5661.1,4.6,-0.1,127.5,
1997-11-30,0.1622222222222222,,,,,,,5.5216666666666665
1997-12-01,,2.621535622,171.2,5692.1,4.7,-0.07,127.0,
1997-12-31,0.09363636363636364,,,,,,,5.504838709677419
1998-01-01,,2.673178027,171.6,5689.9,4.6,-0.03,126.4,
1998-01-31,0.1875,,,,,,,5.55741935483871
1998-02-01,,2.691552555,171.9,5723.8,4.6,0.0,126.1,
1998-02-28,0.1568421052631579,,,,,,,5.505714285714285
1998-03-01,,2.672304266,172.2,5750.3,4.7,0.0,125.9,
1998-03-31,0.08590909090909092,,,,,,,5.493548387096775
1998-04-01,,2.640497846,172.5,5788.1,4.3,-0.13,126.2,
1998-04-30,0.07333333333333333,,,,,,,5.445333333333334
1998-05-01,,2.611332031,172.9,5837.9,4.4,-0.1,126.4,
1998-05-31,0.059,,,,,,,5.488709677419355
1998-06-01,,2.600204475,173.2,5871.7,4.5,-0.07,126.2,
1998-06-30,-0.023636363636363636,,,,,,,5.558666666666666
1998-07-01,,2.603335947,173.5,5890.0,4.5,0.07,126.2,
1998-07-31,0.0031818181818181815,,,,,,,5.5358064516129035
1998-08-01,,2.633982138,174.0,5925.0,4.5,0.13,126.0,
1998-08-31,0.07333333333333333,,,,,,,5.546774193548386
1998-09-01,,2.594217982,174.2,5965.6,4.6,0.17,125.9,
1998-09-30,0.14047619047619048,,,,,,,5.511666666666667
1998-10-01,,2.535056337,174.4,5998.8,4.5,0.2,126.4,
1998-10-31,0.43809523809523804,,,,,,,5.070967741935483
1998-11-01,,2.523581703,174.8,6015.4,4.4,0.17,126.2,
1998-11-30,0.28736842105263155,,,,,,,4.826
1998-12-01,,2.437823,175.4,6070.5,4.4,0.0,125.9,
1998-12-31,0.13863636363636364,,,,,,,4.683548387096774
1999-01-01,,2.383116,175.6,6073.9,4.3,-0.07,126.2,
1999-01-31,0.1068421052631579,,,,,,,4.6325806451612905
1999-02-01,,2.316234,175.6,6099.2,4.4,0.0,125.9,
1999-02-28,0.12263157894736842,,,,,,,4.764642857142857
1999-03-01,,2.237507,175.7,6133.0,4.2,-0.03,126.3,
1999-03-31,0.17956521739130435,,,,,,,4.809354838709678
1999-04-01,,2.226592,176.3,6199.5,4.3,0.0,127.4,
1999-04-30,0.20772727272727273,,,,,,,4.7363333333333335
1999-05-01,,2.153318,176.5,6232.1,4.2,-0.07,127.7,
1999-05-31,0.28500000000000003,,,,,,,4.742258064516129
1999-06-01,,2.070264,176.6,6260.3,4.3,0.03,127.8,
1999-06-30,0.2809090909090909,,,,,,,4.764666666666667
1999-07-01,,2.111144,177.1,6287.6,4.3,0.03,128.3,
1999-07-31,0.23714285714285716,,,,,,,4.994193548387097
1999-08-01,,2.094839,177.3,6331.9,4.2,0.03,129.0,
1999-08-31,0.2609090909090909,,,,,,,5.072258064516129
1999-09-01,,2.070746,177.8,6386.5,4.2,0.0,129.7,
1999-09-30,0.25333333333333335,,,,,,,5.224333333333333
1999-10-01,,2.04962,178.1,6411.4,4.1,-0.07,130.2,
1999-10-31,0.2495,,,,,,,5.199999999999999
1999-11-01,,2.147821,178.4,6448.7,4.1,-0.03,130.3,
1999-11-30,0.172,,,,,,,5.42
1999-12-01,,2.167848,178.7,6541.0,4.0,-0.03,130.5,
1999-12-31,0.1709090909090909,,,,,,,5.295806451612902
2000-01-01,,2.335519,179.3,6542.9,4.0,-0.03,130.8,
2000-01-31,0.221,,,,,,,5.448387096774193
2000-02-01,,2.379221,179.4,6625.3,4.1,0.0,132.2,
2000-02-29,-0.091,,,,,,,5.7348275862068965
2000-03-01,,2.483286,180.0,6686.5,4.0,0.0,132.9,
2000-03-31,-0.2717391304347826,,,,,,,5.853548387096774
2000-04-01,,2.409239,180.3,6679.1,3.8,-0.03,132.6,
2000-04-30,-0.4131578947368421,,,,,,,6.019666666666667
2000-05-01,,2.558647,180.7,6709.7,4.0,0.0,133.1,
2000-05-31,-0.3690909090909091,,,,,,,6.268064516129033
2000-06-01,,2.701492,181.1,6746.9,4.0,-0.03,134.2,
2000-06-30,-0.3845454545454546,,,,,,,6.528333333333333
2000-07-01,,2.71297,181.5,6768.5,4.0,0.03,133.9,
2000-07-31,-0.28500000000000003,,,,,,,6.5445161290322575
2000-08-01,,2.874818,181.9,6802.8,4.1,0.03,133.5,
2000-08-31,-0.4026086956521739,,,,,,,6.496774193548387
2000-09-01,,2.897082,182.3,6888.6,3.9,0.0,134.7,
2000-09-30,-0.28250000000000003,,,,,,,6.5169999999999995
2000-10-01,,2.919941,182.6,6893.8,3.9,-0.03,134.9,
2000-10-31,-0.1738095238095238,,,,,,,6.509354838709677
2000-11-01,,2.870145,183.1,6909.8,3.9,-0.03,134.9,
2000-11-30,-0.15809523809523812,,,,,,,6.514333333333334
2000-12-01,,2.972089,183.3,6952.2,3.9,0.03,134.3,
2000-12-31,-0.1115,,,,,,,6.402258064516129
2001-01-01,,2.878468,183.9,6987.4,4.2,0.13,134.8,
2001-01-31,0.40095238095238095,,,,,,,5.975806451612903
2001-02-01,,2.979742,184.4,7001.8,4.2,0.2,134.8,
2001-02-28,0.4421052631578948,,,,,,,5.494285714285715
2001-03-01,,2.961886,184.7,6996.7,4.3,0.3,134.5,
2001-03-31,0.5431818181818181,,,,,,,5.3109677419354835
2001-04-01,,3.091112,185.1,7004.2,4.4,0.4,135.6,
2001-04-30,0.907,,,,,,,4.8020000000000005
2001-05-01,,3.07401,185.3,7052.8,4.3,0.47,136.5,
2001-05-31,1.1313636363636363,,,,,,,4.21225806451613
2001-06-01,,3.200619,186.0,7069.7,4.5,0.53,135.8,
2001-06-30,1.2042857142857142,,,,,,,3.969666666666667
2001-07-01,,3.207811,186.4,7082.3,4.6,0.53,134.4,
2001-07-31,1.1976190476190476,,,,,,,3.769032258064516
2001-08-01,,3.251713,186.7,7121.7,4.9,0.7,134.6,
2001-08-31,1.2139130434782608,,,,,,,3.6525806451612906
2001-09-01,,3.388746,187.1,7007.0,5.0,0.83,135.6,
2001-09-30,1.6129411764705883,,,,,,,3.069
2001-10-01,,3.484066,187.4,7212.9,5.3,1.13,133.7,
2001-10-31,1.8409090909090908,,,,,,,2.485161290322581
2001-11-01,,3.601999,188.1,7182.3,5.5,1.4,132.7,
2001-11-30,1.8690000000000002,,,,,,,2.087
2001-12-01,,3.56492,188.4,7166.7,5.7,1.63,131.6,
2001-12-31,1.9805,,,,,,,1.817741935483871
2002-01-01,,3.557463,188.7,7184.6,5.7,1.6,131.7,
2002-01-31,2.0076190476190474,,,,,,,1.7296774193548385
2002-02-01,,3.527436,189.1,7225.2,5.7,1.5,132.0,
2002-02-28,1.8963157894736842,,,,,,,1.7396428571428573
2002-03-01,,3.46848,189.2,7243.4,5.7,1.37,132.8,
2002-03-31,1.7265000000000001,,,,,,,1.73
2002-04-01,,3.465822,189.7,7312.5,5.9,1.4,133.8,
2002-04-30,1.7881818181818183,,,,,,,1.7530000000000001
2002-05-01,,3.452132,190.0,7288.9,5.8,1.43,133.5,
2002-05-31,1.9004545454545456,,,,,,,1.751290322580645
2002-06-01,,3.241692,190.2,7322.5,5.8,1.4,133.6,
2002-06-30,1.9335,,,,,,,1.7503333333333333
2002-07-01,,3.263706,190.5,7387.3,5.8,1.33,133.6,
2002-07-31,2.096363636363636,,,,,,,1.729032258064516
2002-08-01,,3.146595,191.1,7412.6,5.7,1.13,133.7,
2002-08-31,2.1236363636363635,,,,,,,1.7432258064516128
2002-09-01,,3.026606,191.3,7391.5,5.7,0.9,135.0,
2002-09-30,1.8655000000000002,,,,,,,1.7506666666666668
2002-10-01,,2.937194,191.5,7435.2,5.7,0.57,135.6,
2002-10-31,2.0290909090909093,,,,,,,1.7548387096774194
2002-11-01,,2.824322,191.9,7463.8,5.9,0.43,134.6,
2002-11-30,2.125263157894737,,,,,,,1.3359999999999999
2002-12-01,,2.792164,192.1,7519.9,6.0,0.3,134.0,
2002-12-31,2.1961904761904765,,,,,,,1.2383870967741937
2003-01-01,,2.778159,192.4,7541.3,5.8,0.23,135.7,
2003-01-31,2.305238095238095,,,,,,,1.2351612903225806
2003-02-01,,2.69562,192.5,7548.6,5.9,0.2,137.6,
2003-02-28,2.274736842105263,,,,,,,1.2621428571428572
2003-03-01,,2.619135,192.5,7611.5,5.9,0.13,138.7,
2003-03-31,2.2333333333333334,,,,,,,1.2529032258064516
2003-04-01,,2.450573,192.5,7634.5,6.0,0.13,136.3,
2003-04-30,2.336190476190476,,,,,,,1.258
2003-05-01,,2.338588,192.9,7650.3,6.1,0.2,135.8,
2003-05-31,2.1538095238095236,,,,,,,1.2590322580645161
2003-06-01,,2.261697,193.0,7699.6,6.3,0.4,136.3,
2003-06-30,2.107142857142857,,,,,,,1.2226666666666666
2003-07-01,,2.228217,193.4,7757.0,6.2,0.47,136.4,
2003-07-31,2.5013636363636365,,,,,,,1.011290322580645
2003-08-01,,2.155287,193.6,7852.1,6.1,0.47,137.0,
2003-08-31,2.580952380952381,,,,,,,1.0290322580645161
2003-09-01,,2.174311,193.7,7853.7,6.1,0.37,137.1,
2003-09-30,2.568095238095238,,,,,,,1.01
2003-10-01,,2.150681,194.0,7867.4,6.0,0.3,138.2,
2003-10-31,2.5427272727272725,,,,,,,1.01
2003-11-01,,2.025956,194.0,7922.6,5.8,0.23,137.7,
2003-11-30,2.373333333333333,,,,,,,0.996
2003-12-01,,1.967767,194.2,7950.4,5.7,0.03,137.7,
2003-12-31,2.3604545454545454,,,,,,,0.9841935483870967
2004-01-01,,1.949813,194.6,8007.1,5.7,-0.1,138.9,
2004-01-31,2.3895,,,,,,,0.9970967741935484
2004-02-01,,2.037157,194.9,8040.4,5.6,-0.1,139.3,
2004-02-29,2.3442105263157895,,,,,,,1.007241379310345
2004-03-01,,2.126567,195.5,8098.8,5.8,0.0,140.3,
2004-03-31,2.248695652173913,,,,,,,1.0016129032258065
2004-04-01,,2.247883,195.9,8107.2,5.6,0.0,141.8,
2004-04-30,2.276666666666667,,,,,,,1.004
2004-05-01,,2.228612,196.2,8176.5,5.6,0.0,143.3,
2004-05-31,2.182,,,,,,,1.0045161290322582
2004-06-01,,2.370793,196.6,8157.6,5.6,-0.03,142.9,
2004-06-30,1.9704761904761903,,,,,,,1.0256666666666667
2004-07-01,,2.254997,196.8,8236.9,5.5,-0.03,143.2,
2004-07-31,1.8595238095238094,,,,,,,1.2635483870967743
2004-08-01,,2.249671,196.9,8271.6,5.4,-0.07,143.7,
2004-08-31,1.7731818181818182,,,,,,,1.4293548387096775
2004-09-01,,2.23192,197.5,8341.5,5.4,-0.07,144.2,
2004-09-30,1.6004761904761904,,,,,,,1.605
2004-10-01,,2.229333,197.9,8397.1,5.5,0.0,146.5,
2004-10-31,1.5125,,,,,,,1.7609677419354839
2004-11-01,,2.293798,198.3,8444.5,5.4,0.0,146.1,
2004-11-30,1.342,,,,,,,1.932
2004-12-01,,2.304188,198.6,8504.4,5.4,0.0,145.0,
2004-12-31,1.219090909090909,,,,,,,2.1561290322580646
2005-01-01,,2.308836,199.0,8497.7,5.3,-0.1,146.2,
2005-01-31,0.999,,,,,,,2.2793548387096774
2005-02-01,,2.279146,199.4,8559.1,5.4,0.0,147.0,
2005-02-28,0.7805263157894737,,,,,,,2.501785714285714
2005-03-01,,2.238654,200.1,8598.4,5.2,-0.07,148.9,
2005-03-31,0.770909090909091,,,,,,,2.629032258064516
2005-04-01,,2.231837,200.2,8678.4,5.2,0.0,149.6,
2005-04-30,0.6871428571428572,,,,,,,2.7849999999999997
2005-05-01,,2.350311,200.5,8671.6,5.1,-0.1,149.4,
2005-05-31,0.5004761904761905,,,,,,,3.00258064516129
2005-06-01,,2.191008,200.6,8753.4,5.0,-0.07,149.6,
2005-06-30,0.3577272727272727,,,,,,,3.0356666666666663
2005-07-01,,2.292571,200.9,8853.8,5.0,-0.07,151.0,
2005-07-31,0.3065,,,,,,,3.2625806451612904
2005-08-01,,2.256804,201.1,8850.1,4.9,-0.07,151.8,
2005-08-31,0.21826086956521742,,,,,,,3.4996774193548386
2005-09-01,,2.326514,201.3,8900.4,5.0,0.03,154.2,
2005-09-30,0.2528571428571429,,,,,,,3.6229999999999998
2005-10-01,,2.318218,202.0,8938.5,5.0,0.03,156.6,
2005-10-31,0.1925,,,,,,,3.7793548387096774
2005-11-01,,2.424911,202.5,8946.2,5.0,0.07,152.7,
2005-11-30,0.11850000000000001,,,,,,,3.999
2005-12-01,,2.463042,202.8,8981.1,4.9,-0.03,152.8,
2005-12-31,0.06285714285714286,,,,,,,4.1570967741935485
2006-01-01,,2.444816,203.2,9071.6,4.7,-0.07,154.1,
2006-01-31,0.020499999999999997,,,,,,,4.285161290322581
2006-02-01,,2.492938,203.6,9096.0,4.8,-0.07,153.5,
2006-02-28,-0.09947368421052633,,,,,,,4.491428571428572
2006-03-01,,2.575349,204.3,9132.9,4.7,-0.07,155.0,
2006-03-31,-0.009999999999999998,,,,,,,4.589354838709677
2006-04-01,,2.67529,204.8,9191.6,4.7,0.0,157.2,
2006-04-30,0.10157894736842105,,,,,,,4.790333333333334
2006-05-01,,2.778406,205.4,9231.8,4.6,-0.07,158.5,
2006-05-31,0.14181818181818182,,,,,,,4.940322580645161
2006-06-01,,3.029285,205.9,9259.6,4.6,-0.03,159.5,
2006-06-30,-0.015454545454545453,,,,,,,4.991
2006-07-01,,3.089187,206.3,9343.8,4.7,0.03,159.4,
2006-07-31,-0.031,,,,,,,5.235161290322581
2006-08-01,,3.219901,206.8,9342.2,4.7,0.07,159.8,
2006-08-31,-0.026956521739130435,,,,,,,5.2464516129032255
2006-09-01,,3.207054,207.2,9375.4,4.5,0.07,156.8,
2006-09-30,-0.05,,,,,,,5.254666666666666
2006-10-01,,3.285968,207.6,9393.6,4.4,-0.07,155.9,
2006-10-31,-0.06666666666666668,,,,,,,5.245161290322581
2006-11-01,,3.141252,207.8,9400.2,4.5,-0.07,156.4,
2006-11-30,-0.14523809523809525,,,,,,,5.245666666666667
2006-12-01,,3.1159,208.1,9488.3,4.4,-0.03,156.9,
2006-12-31,-0.10900000000000001,,,,,,,5.2380645161290325
2007-01-01,,3.136734,208.6,9538.7,4.6,0.07,156.4,
2007-01-31,-0.11666666666666667,,,,,,,5.248387096774193
2007-02-01,,3.152428,209.135,9566.0,4.5,0.07,157.7,
2007-02-28,-0.12631578947368421,,,,,,,5.258928571428571
2007-03-01,,3.099888,209.418,9611.7,4.4,0.03,160.1,
2007-03-31,-0.009090909090909092,,,,,,,5.256774193548387
2007-04-01,,2.957465,209.747,9643.6,4.5,0.0,162.2,
2007-04-30,0.027619047619047623,,,,,,,5.249666666666667
2007-05-01,,2.774199,210.058,9685.8,4.4,0.0,163.8,
2007-05-31,-0.02,,,,,,,5.2535483870967745
2007-06-01,,2.621714,210.392,9706.8,4.6,0.03,163.7,
2007-06-30,0.12238095238095237,,,,,,,5.2540000000000004
2007-07-01,,2.525322,210.773,9751.1,4.7,0.07,164.9,
2007-07-31,0.18523809523809526,,,,,,,5.258387096774193
2007-08-01,,2.459164,211.119,9798.9,4.6,0.1,163.0,
2007-08-31,0.3617391304347826,,,,,,,5.022258064516129
2007-09-01,,2.475003,211.554,9845.1,4.7,0.17,163.7,
2007-09-30,0.51,,,,,,,4.938
2007-10-01,,2.494632,212.077,9882.7,4.7,0.2,164.5,
2007-10-31,0.56,,,,,,,4.755483870967741
2007-11-01,,2.64947,212.66,9955.9,4.7,0.23,168.0,
2007-11-30,0.8119999999999999,,,,,,,4.486666666666666
2007-12-01,,2.712396,213.168,9972.8,5.0,0.4,166.9,
2007-12-31,0.9804999999999999,,,,,,,4.244516129032259
2008-01-01,,2.747695,213.771,9996.4,5.0,0.4,168.5,
2008-01-31,1.2685714285714287,,,,,,,3.9403225806451614
2008-02-01,,2.617738,213.939,9981.7,4.9,0.43,169.6,
2008-02-29,1.7645,,,,,,,2.9806896551724136
2008-03-01,,2.688949,214.42,10035.3,5.1,0.47,173.4,
2008-03-31,1.893,,,,,,,2.6103225806451613
2008-04-01,,2.725505,214.56,10070.3,5.0,0.5,175.3,
2008-04-30,1.627727272727273,,,,,,,2.2783333333333333
2008-05-01,,2.793043,214.936,10132.3,5.4,0.73,179.4,
2008-05-31,1.4342857142857142,,,,,,,1.9783870967741934
2008-06-01,,2.933931,215.424,10187.1,5.6,0.8,182.0,
2008-06-30,1.3257142857142856,,,,,,,2.001
2008-07-01,,3.010504,215.965,10185.1,5.8,0.97,185.6,
2008-07-31,1.4345454545454546,,,,,,,2.009677419354839
2008-08-01,,3.080765,216.393,10175.7,6.1,1.1,182.6,
2008-08-31,1.4652380952380952,,,,,,,1.996451612903226
2008-09-01,,3.071629,216.713,10116.4,6.1,1.27,182.9,
2008-09-30,1.61,,,,,,,1.8116666666666668
2008-10-01,,2.922213,216.788,10034.1,6.5,1.5,176.8,
2008-10-31,2.2018181818181817,,,,,,,0.9693548387096774
2008-11-01,,2.777101,216.947,9885.2,6.8,1.7,169.4,
2008-11-30,2.3138888888888887,,,,,,,0.3876666666666667
2008-12-01,,2.614507,216.925,9801.5,7.3,2.07,164.1,
2008-12-31,1.5954545454545455,,,,,,,0.15516129032258064
2009-01-01,,2.535975,217.346,9847.2,7.8,2.37,164.7,
2009-01-31,1.7105000000000001,,,,,,,0.15419354838709678
2009-02-01,,2.54257,217.792,9824.5,8.3,2.77,163.9,
2009-02-28,1.894736842105263,,,,,,,0.22214285714285714
2009-03-01,,2.437701,218.253,9773.2,8.7,3.13,162.9,
2009-03-31,1.8881818181818182,,,,,,,0.18064516129032257
2009-04-01,,2.359914,218.706,9772.5,9.0,3.53,164.2,
2009-04-30,2.0,,,,,,,0.15033333333333332
2009-05-01,,2.273815,218.904,9791.6,9.4,3.73,165.8,
2009-05-31,2.3635,,,,,,,0.1774193548387097
2009-06-01,,2.078064,219.112,9852.4,9.5,3.9,168.4,
2009-06-30,2.5377272727272726,,,,,,,0.20633333333333334
2009-07-01,,1.910212,219.263,9886.3,9.5,3.8,167.1,
2009-07-31,2.5431818181818184,,,,,,,0.15580645161290324
2009-08-01,,1.757047,219.496,10004.1,9.6,3.67,169.4,
2009-08-31,2.4719047619047623,,,,,,,0.16032258064516128
2009-09-01,,1.602846,219.92,9927.8,9.8,3.57,168.6,
2009-09-30,2.4457142857142857,,,,,,,0.14666666666666667
2009-10-01,,1.509202,220.501,9976.7,10.0,3.57,168.9,
2009-10-31,2.4385714285714286,,,,,,,0.11806451612903227
2009-11-01,,1.361569,220.666,9985.7,9.9,3.47,170.7,
2009-11-30,2.599473684210526,,,,,,,0.119
2009-12-01,,1.318775,220.881,10052.6,9.9,3.07,170.8,
2009-12-31,2.7154545454545453,,,,,,,0.11806451612903227
2010-01-01,,1.170764,220.633,10056.1,9.8,2.57,173.1,
2010-01-31,2.8042105263157895,,,,,,,0.11
2010-02-01,,1.048684,220.731,10093.4,9.8,2.03,172.2,
2010-02-28,2.8342105263157897,,,,,,,0.12642857142857142
2010-03-01,,0.9255025,220.783,10156.0,9.9,1.53,173.9,
2010-03-31,2.7686956521739132,,,,,,,0.16451612903225807
2010-04-01,,0.869413,220.822,10182.3,9.9,1.2,175.2,
2010-04-30,2.786363636363636,,,,,,,0.19833333333333333
2010-05-01,,0.7933019,220.962,10210.8,9.6,0.8,176.1,
2010-05-31,2.5895,,,,,,,0.2006451612903226
2010-06-01,,0.7780126,221.194,10231.3,9.4,0.43,174.8,
2010-06-30,2.4795454545454545,,,,,,,0.17666666666666667
2010-07-01,,0.7440706,221.363,10268.1,9.4,0.13,174.7,
2010-07-31,2.394761904761905,,,,,,,0.18258064516129033
2010-08-01,,0.6911157,221.509,10307.1,9.5,0.0,175.3,
2010-08-31,2.178181818181818,,,,,,,0.18935483870967743
2010-09-01,,0.6638685,221.711,10327.1,9.5,0.03,175.5,
2010-09-30,2.1676190476190476,,,,,,,0.19466666666666665
2010-10-01,,0.6723344,221.83,10386.4,9.4,0.07,177.3,
2010-10-31,2.164,,,,,,,0.19129032258064516
2010-11-01,,0.8233069,222.149,10433.6,9.8,0.13,178.2,
2010-11-30,2.309,,,,,,,0.19433333333333333
2010-12-01,,0.8307821,222.343,10471.0,9.3,0.1,179.1,
2010-12-31,2.6727272727272724,,,,,,,0.1832258064516129
2011-01-01,,0.9539952,222.803,10514.3,9.1,-0.13,181.1,
2011-01-31,2.7794999999999996,,,,,,,0.16838709677419356
2011-02-01,,1.117829,223.213,10540.6,9.0,-0.3,183.3,
2011-02-28,2.803684210526316,,,,,,,0.15678571428571428
2011-03-01,,1.179972,223.454,10619.7,9.0,-0.2,187.3,
2011-03-31,2.7169565217391307,,,,,,,0.13870967741935483
2011-04-01,,1.210295,223.727,10652.1,9.1,0.0,190.2,
2011-04-30,2.7205000000000004,,,,,,,0.098
2011-05-01,,1.256079,224.175,10672.2,9.0,0.07,191.9,
2011-05-31,2.6133333333333333,,,,,,,0.09387096774193548
2011-06-01,,1.29395,224.697,10694.8,9.1,0.2,191.1,
2011-06-30,2.591818181818182,,,,,,,0.09200000000000001
2011-07-01,,1.41844,225.218,10731.6,9.0,0.23,191.7,
2011-07-31,2.5965,,,,,,,0.07096774193548387
2011-08-01,,1.651442,225.862,10750.3,9.0,0.23,190.7,
2011-08-31,2.072608695652174,,,,,,,0.09580645161290323
2011-09-01,,1.721515,226.118,10783.2,9.0,0.2,191.5,
2011-09-30,1.7638095238095237,,,,,,,0.084
2011-10-01,,1.835844,226.506,10802.9,8.8,0.17,190.2,
2011-10-31,1.8715,,,,,,,0.0706451612903226
2011-11-01,,1.835434,226.899,10806.8,8.6,0.0,190.6,
2011-11-30,1.7600000000000002,,,,,,,0.081
2011-12-01,,2.045078,227.405,10817.8,8.5,-0.17,189.6,
2011-12-31,1.720952380952381,,,,,,,0.07161290322580646
2012-01-01,,2.113351,227.877,10896.8,8.3,-0.2,191.1,
2012-01-31,1.7260000000000002,,,,,,,0.08193548387096775
2012-02-01,,2.01608,228.034,10987.2,8.3,-0.13,192.1,
2012-02-29,1.6895,,,,,,,0.10379310344827586
2012-03-01,,2.122799,228.478,10993.9,8.2,-0.1,194.3,
2012-03-31,1.8281818181818181,,,,,,,0.1267741935483871
2012-04-01,,2.191796,228.905,11018.5,8.2,-0.07,194.7,
2012-04-30,1.7609523809523808,,,,,,,0.13933333333333334
2012-05-01,,2.188203,229.224,11006.8,8.2,-0.03,193.6,
2012-05-31,1.518181818181818,,,,,,,0.15580645161290324
2012-06-01,,2.238926,229.623,10989.8,8.2,0.0,191.7,
2012-06-30,1.3304761904761906,,,,,,,0.16166666666666668
2012-07-01,,2.260479,229.97,11016.8,8.2,0.07,191.2,
2012-07-31,1.2785714285714287,,,,,,,0.15645161290322582
2012-08-01,,2.17107,230.233,11056.0,8.1,0.03,193.5,
2012-08-31,1.4095652173913045,,,,,,,0.13225806451612904
2012-09-01,,2.219253,230.659,11105.3,7.8,-0.1,195.4,
2012-09-30,1.4678947368421054,,,,,,,0.14433333333333334
2012-10-01,,2.206525,231.024,11137.4,7.8,-0.13,195.1,
2012-10-31,1.469047619047619,,,,,,,0.15838709677419355
2012-11-01,,2.195661,231.33,11178.4,7.7,-0.13,192.6,
2012-11-30,1.386,,,,,,,0.16066666666666668
2012-12-01,,2.107127,231.725,11181.2,7.9,0.0,191.8,
2012-12-31,1.462,,,,,,,0.16451612903225807
2013-01-01,,2.065935,232.229,11252.4,8.0,0.0,192.6,
2013-01-31,1.6495238095238096,,,,,,,0.14258064516129032
2013-02-01,,2.143683,232.569,11290.5,7.7,-0.03,195.2,
2013-02-28,1.7168421052631577,,,,,,,0.14500000000000002
2013-03-01,,2.096923,232.794,11290.1,7.5,-0.07,194.5,
2013-03-31,1.7015,,,,,,,0.1435483870967742
2013-04-01,,1.932255,232.832,11281.1,7.6,-0.13,194.0,
2013-04-30,1.526818181818182,,,,,,,0.145
2013-05-01,,1.905048,232.996,11321.6,7.5,-0.03,194.0,
2013-05-31,1.6777272727272725,,,,,,,0.10903225806451612
2013-06-01,,1.874046,233.35,11344.4,7.5,0.0,193.9,
2013-06-30,1.9665,,,,,,,0.09366666666666666
2013-07-01,,1.865294,233.88,11372.6,7.3,-0.03,194.0,
2013-07-31,2.2413636363636367,,,,,,,0.09258064516129033
2013-08-01,,1.911745,234.336,11406.6,7.2,-0.1,194.6,
2013-08-31,2.380909090909091,,,,,,,0.08290322580645161
2013-09-01,,1.888205,234.7,11445.9,7.2,-0.13,194.3,
2013-09-30,2.4055,,,,,,,0.08
2013-10-01,,1.866698,234.921,11498.0,7.2,-0.03,193.7,
2013-10-31,2.2804545454545457,,,,,,,0.08709677419354839
2013-11-01,,1.890963,235.359,11562.5,6.9,-0.1,192.7,
2013-11-30,2.4147368421052633,,,,,,,0.08433333333333333
2013-12-01,,1.872378,235.759,11593.2,6.7,-0.17,193.2,
2013-12-31,2.5619047619047617,,,,,,,0.08516129032258064
2014-01-01,,1.821944,235.961,11578.8,6.6,-0.2,194.2,
2014-01-31,2.4642857142857144,,,,,,,0.07161290322580646
2014-02-01,,1.789204,236.185,11636.9,6.7,-0.1,195.2,
2014-02-28,2.382631578947368,,,,,,,0.06642857142857143
2014-03-01,,1.821445,236.625,11722.3,6.7,0.0,196.2,
2014-03-31,2.3242857142857143,,,,,,,0.07806451612903226
2014-04-01,,2.025724,237.072,11762.3,6.2,-0.1,197.5,
2014-04-30,2.288095238095238,,,,,,,0.09033333333333333
2014-05-01,,2.127518,237.529,11807.3,6.3,-0.13,197.2,
2014-05-31,2.17,,,,,,,0.08709677419354837
2014-06-01,,2.142724,237.837,11861.7,6.1,-0.2,197.2,
2014-06-30,2.146190476190476,,,,,,,0.09566666666666666
2014-07-01,,2.098319,238.195,11904.4,6.2,-0.03,197.4,
2014-07-31,2.0359090909090907,,,,,,,0.09096774193548386
2014-08-01,,1.959017,238.405,11983.7,6.1,-0.07,197.4,
2014-08-31,1.9476190476190476,,,,,,,0.08806451612903225
2014-09-01,,1.95017,238.786,11991.4,5.9,-0.07,196.8,
2014-09-30,1.9676190476190476,,,,,,,0.08833333333333333
2014-10-01,,2.001463,239.191,12064.7,5.7,-0.13,194.8,
2014-10-31,1.8586363636363636,,,,,,,0.08903225806451612
2014-11-01,,1.999148,239.458,12083.9,5.8,-0.1,192.7,
2014-11-30,1.7983333333333331,,,,,,,0.09200000000000001
2014-12-01,,1.961226,239.584,12096.1,5.6,-0.1,189.1,
2014-12-31,1.5718181818181818,,,,,,,0.12258064516129032
2015-01-01,,1.976365,239.811,12066.7,5.7,0.0,185.0,
2015-01-31,1.33,,,,,,,0.11483870967741935
2015-02-01,,1.972517,240.172,12116.6,5.5,-0.1,185.4,
2015-02-28,1.3563157894736841,,,,,,,0.11071428571428572
2015-03-01,,1.989606,240.755,12176.1,5.4,-0.03,186.2,
2015-03-31,1.4022727272727273,,,,,,,0.11290322580645161
2015-04-01,,2.05371,241.346,12209.1,5.4,-0.1,185.7,
2015-04-30,1.395,,,,,,,0.12466666666666668
2015-05-01,,2.056561,241.688,12275.4,5.6,0.0,188.2,
2015-05-31,1.5885,,,,,,,0.12322580645161291
2015-06-01,,2.103732,242.064,12307.9,5.3,-0.07,188.9,
2015-06-30,1.675,,,,,,,0.129
2015-07-01,,2.130475,242.565,12364.9,5.2,-0.03,188.5,
2015-07-31,1.656818181818182,,,,,,,0.13032258064516128
2015-08-01,,2.169207,242.817,12396.2,5.1,-0.13,187.0,
2015-08-31,1.4695238095238095,,,,,,,0.13806451612903226
2015-09-01,,2.268536,243.316,12386.4,5.0,-0.07,184.3,
2015-09-30,1.4595238095238094,,,,,,,0.136
2015-10-01,,2.335492,243.768,12394.9,5.0,-0.1,183.7,
2015-10-31,1.4252380952380952,,,,,,,0.1235483870967742
2015-11-01,,2.394625,244.241,12423.2,5.1,-0.03,182.9,
2015-11-30,1.378421052631579,,,,,,,0.11766666666666666
2015-12-01,,2.437497,244.547,12452.0,5.0,-0.03,180.8,
2015-12-31,1.26,,,,,,,0.24064516129032257
2016-01-01,,2.460879,244.955,12478.0,4.8,-0.03,179.7,
2016-01-31,1.1857894736842105,,,,,,,0.3429032258064516
2016-02-01,,2.538253,245.51,12554.5,4.9,-0.03,178.7,
2016-02-29,1.046,,,,,,,0.37517241379310345
2016-03-01,,2.526214,245.913,12537.0,5.0,0.0,179.3,
2016-03-31,1.014090909090909,,,,,,,0.362258064516129
2016-04-01,,2.53143,246.551,12611.5,5.1,0.03,180.5,
2016-04-30,1.0371428571428571,,,,,,,0.3653333333333333
2016-05-01,,2.565678,247.137,12652.7,4.8,-0.03,181.9,
2016-05-31,0.99,,,,,,,0.36516129032258066
2016-06-01,,2.563629,247.54,12731.2,4.9,-0.03,183.6,
2016-06-30,0.9127272727272728,,,,,,,0.37766666666666665
2016-07-01,,2.569655,247.829,12756.7,4.8,-0.03,183.4,
2016-07-31,0.8314999999999999,,,,,,,0.3916129032258065
2016-08-01,,2.716347,248.423,12788.1,4.9,0.07,182.5,
2016-08-31,0.8191304347826087,,,,,,,0.3967741935483871
2016-09-01,,2.624799,248.842,12846.6,5.0,0.1,183.0,
2016-09-30,0.8595238095238096,,,,,,,0.39633333333333337
2016-10-01,,2.502268,249.142,12867.0,4.9,0.1,183.7,
2016-10-31,0.9215,,,,,,,0.3964516129032258
2016-11-01,,2.518564,249.481,12893.0,4.7,0.0,183.2,
2016-11-30,1.1625,,,,,,,0.4066666666666666
2016-12-01,,2.585286,249.92,13005.9,4.7,-0.07,183.9,
2016-12-31,1.2952380952380953,,,,,,,0.54
2017-01-01,,2.651739,250.467,13063.7,4.7,0.0,185.6,
2017-01-31,1.226,,,,,,,0.6496774193548387
2017-02-01,,2.664566,250.998,13088.4,4.6,0.03,186.2,
2017-02-28,1.2178947368421054,,,,,,,0.6567857142857143
2017-03-01,,2.436586,250.944,13139.9,4.4,-0.03,186.7,
2017-03-31,1.168695652173913,,,,,,,0.7861290322580645
2017-04-01,,2.235672,251.227,13169.2,4.4,-0.13,187.6,
2017-04-30,1.0563157894736843,,,,,,,0.896
2017-05-01,,2.139634,251.43,13171.9,4.4,-0.13,187.3,
2017-05-31,1.0018181818181817,,,,,,,0.9074193548387097
2017-06-01,,2.122109,251.746,13225.2,4.3,-0.03,187.6,
2017-06-30,0.8445454545454546,,,,,,,1.04
2017-07-01,,2.131777,251.985,13263.3,4.3,-0.03,187.3,
2017-07-31,0.9455,,,,,,,1.1506451612903223
2017-08-01,,2.075047,252.535,13294.6,4.4,0.03,188.4,
2017-08-31,0.8739130434782609,,,,,,,1.1570967741935483
2017-09-01,,2.091354,252.812,13417.3,4.3,-0.03,189.6,
2017-09-30,0.8175000000000001,,,,,,,1.153333333333333
2017-10-01,,2.177581,253.526,13447.5,4.2,-0.07,190.2,
2017-10-31,0.8104761904761905,,,,,,,1.1538709677419354
2017-11-01,,2.099803,253.816,13540.6,4.2,-0.1,191.2,
2017-11-30,0.6566666666666666,,,,,,,1.157
2017-12-01,,2.117186,254.344,13666.1,4.1,-0.03,191.3,
2017-12-31,0.5585,,,,,,,1.3016129032258066
2018-01-01,,2.157823,255.204,13703.3,4.0,0.0,192.6,
2018-01-31,0.5519047619047619,,,,,,,1.414516129032258
2018-02-01,,2.123101,255.711,13738.7,4.1,0.0,193.5,
2018-02-28,0.6836842105263158,,,,,,,1.4175
2018-03-01,,2.366926,256.271,13793.2,4.0,0.0,194.0,
2018-03-31,0.5666666666666667,,,,,,,1.5061290322580645
2018-04-01,,2.491592,256.63,13838.4,4.0,-0.07,195.3,
2018-04-30,0.4847619047619047,,,,,,,1.6923333333333332
2018-05-01,,2.543212,257.145,13905.0,3.8,-0.1,197.7,
2018-05-31,0.4659090909090909,,,,,,,1.7
2018-06-01,,2.551897,257.399,13930.4,4.0,-0.03,198.4,
2018-06-30,0.379047619047619,,,,,,,1.8196666666666665
2018-07-01,,2.518753,257.699,13974.8,3.8,0.0,198.5,
2018-07-31,0.28238095238095234,,,,,,,1.91
2018-08-01,,2.432443,257.891,14014.0,3.8,0.03,198.6,
2018-08-31,0.2534782608695652,,,,,,,1.9148387096774193
2018-09-01,,2.462881,258.368,14017.8,3.7,-0.07,198.9,
2018-09-30,0.23631578947368423,,,,,,,1.9546666666666668
2018-10-01,,2.415236,258.917,14083.1,3.8,-0.07,200.4,
2018-10-31,0.2913636363636364,,,,,,,2.187741935483871
2018-11-01,,2.476418,259.439,14162.9,3.8,-0.07,198.4,
2018-11-30,0.258,,,,,,,2.197666666666667
2018-12-01,,2.456173,260.063,14051.6,3.9,0.07,195.2,
2018-12-31,0.1563157894736842,,,,,,,2.274193548387097
2019-01-01,,2.375054,260.766,14084.6,4.0,0.13,194.3,
2019-01-31,0.17047619047619048,,,,,,,2.4
2019-02-01,,2.375943,261.186,14117.4,3.8,0.17,195.4,
2019-02-28,0.17210526315789473,,,,,,,2.4
2019-03-01,,2.356946,261.567,14248.6,3.8,0.13,197.4,
2019-03-31,0.16142857142857142,,,,,,,2.4051612903225807
2019-04-01,,2.392773,261.997,14290.0,3.7,0.0,199.2,
2019-04-30,0.18761904761904763,,,,,,,2.423666666666667
2019-05-01,,2.360903,262.217,14353.3,3.6,-0.07,199.1,
2019-05-31,0.18863636363636366,,,,,,,2.390967741935484
2019-06-01,,2.392597,262.739,14408.7,3.6,-0.03,197.0,
2019-06-30,0.26,,,,,,,2.377666666666667
2019-07-01,,2.475923,263.28,14496.0,3.7,0.03,197.5,
2019-07-31,0.2240909090909091,,,,,,,2.4029032258064515
2019-08-01,,2.630398,263.877,14558.2,3.6,0.07,196.4,
2019-08-31,0.055,,,,,,,2.1258064516129034
2019-09-01,,2.622934,264.388,14590.6,3.5,0.0,195.9,
2019-09-30,0.051500000000000004,,,,,,,2.043
2019-10-01,,2.747596,264.97,14617.4,3.6,-0.03,196.6,
2019-10-31,0.15545454545454546,,,,,,,1.8296774193548386
2019-11-01,,2.772021,265.548,14711.0,3.6,-0.07,196.5,
2019-11-30,0.19947368421052633,,,,,,,1.5533333333333335
2019-12-01,,2.752609,266.02,14774.8,3.6,0.0,196.4,
2019-12-31,0.24952380952380954,,,,,,,1.550967741935484
2020-01-01,,2.800205,266.716,14868.3,3.6,0.0,196.6,
2020-01-31,0.23857142857142857,,,,,,,1.5506451612903225
2020-02-01,,2.792299,267.37,14828.1,3.5,0.0,195.1,
2020-02-29,0.1731578947368421,,,,,,,1.5831034482758621
2020-03-01,,2.592275,267.054,13812.8,4.4,0.3,192.3,
2020-03-31,0.42181818181818187,,,,,,,0.6522580645161291
2020-04-01,,2.160688,265.746,12249.2,14.8,4.0,186.1,
2020-04-30,0.43285714285714283,,,,,,,0.049
2020-05-01,,2.000025,265.412,13281.5,13.2,7.27,188.9,
2020-05-31,0.5035000000000001,,,,,,,0.05
2020-06-01,,1.998261,265.849,14049.2,11.0,9.5,190.2,
2020-06-30,0.5436363636363637,,,,,,,0.07766666666666668
2020-07-01,,2.287039,267.389,14307.2,10.2,8.0,192.3,
2020-07-31,0.4754545454545455,,,,,,,0.09258064516129033
2020-08-01,,2.22202,268.422,14462.2,8.4,6.37,193.0,
2020-08-31,0.5104761904761905,,,,,,,0.09516129032258065
2020-09-01,,1.991587,268.933,14668.1,7.8,5.3,192.9,
2020-09-30,0.5447619047619048,,,,,,,0.09
2020-10-01,,1.74961,269.306,14725.8,6.9,4.2,193.7,
2020-10-31,0.6376190476190476,,,,,,,0.09
2020-11-01,,1.707378,269.981,14701.6,6.7,3.63,194.5,
2020-11-30,0.7042105263157895,,,,,,,0.08633333333333333
2020-12-01,,1.603908,270.341,14822.0,6.7,3.23,196.7,
2020-12-31,0.7977272727272727,,,,,,,0.09
2021-01-01,,1.388291876,270.387,15073.0,6.4,3.03,199.6,
2021-01-31,0.9500000000000001,,,,,,,0.08516129032258064
2021-02-01,,1.418483272,270.793,14983.5,6.2,2.87,203.1,
2021-02-28,1.1426315789473684,,,,,,,0.07571428571428572
2021-03-01,,1.606143425,271.459,15709.7,6.1,2.33,207.9,
2021-03-31,1.463913043478261,,,,,,,0.06967741935483872
2021-04-01,,2.223969877,273.66,15917.5,6.1,-0.07,210.1,
2021-04-30,1.471818181818182,,,,,,,0.069
2021-05-01,,2.568259586,275.465,15973.5,5.8,-0.13,215.1,
2021-05-31,1.466,,,,,,,0.05806451612903226
2021-06-01,,2.563298288,277.651,16191.7,5.9,-0.03,217.9,
2021-06-30,1.3163636363636364,,,,,,,0.078
2021-07-01,,2.322197731,278.648,16239.7,5.4,-0.23,219.492,
2021-07-31,1.099047619047619,,,,,,,0.09806451612903226
2021-08-01,,2.318851441,278.997,16412.9,5.1,-0.2,220.114,
2021-08-31,1.0659090909090911,,,,,,,0.09225806451612903
2021-09-01,,2.597319102,279.698,16489.6,4.7,-0.37,221.869,
2021-09-30,1.1338095238095238,,,,,,,0.07933333333333333
2021-10-01,,3.012541263,281.668,16704.2,4.5,-0.27,225.478,
2021-10-31,1.19,,,,,,,0.07903225806451614
2021-11-01,,3.188771392,283.406,16849.8,4.1,-0.33,227.109,
2021-11-30,1.0515,,,,,,,0.07966666666666668
2021-12-01,,3.45168647,285.18,16891.0,3.9,-0.27,226.47,
2021-12-31,0.785,,,,,,,0.07967741935483871
2022-01-01,,3.958436369,286.757,16993.8,4.0,-0.2,231.495,
2022-01-31,0.7835,,,,,,,0.07935483870967742
2022-02-01,,4.279048254,288.273,17106.0,3.9,-0.13,237.245,
2022-02-28,0.49894736842105264,,,,,,,0.08
2022-03-01,,4.53801172,289.056,17347.2,3.7,-0.1,245.404,
2022-03-31,0.21826086956521737,,,,,,,0.2009677419354839
2022-04-01,,4.705074108,290.514,17490.0,3.7,-0.13,249.56,
2022-04-30,0.20950000000000002,,,,,,,0.33
2022-05-01,,4.959736415,292.063,17574.5,3.6,-0.07,256.396,
2022-05-31,0.2814285714285714,,,,,,,0.765483870967742
2022-06-01,,5.396005585,294.05,17755.2,3.6,0.0,262.418,
2022-06-30,0.14523809523809525,,,,,,,1.2049999999999998
2022-07-01,,5.584768451,295.088,17770.1,3.5,-0.03,256.526,
2022-07-31,-0.13999999999999999,,,,,,,1.6758064516129034
2022-08-01,,5.936757527,296.535,17916.5,3.6,0.03,251.494,
2022-08-31,-0.3521739130434782,,,,,,,2.33
2022-09-01,,6.3309531,298.226,17992.8,3.5,0.0,251.891,
2022-09-30,-0.3376190476190476,,,,,,,2.555
2022-10-01,,6.310662886,299.399,18109.6,3.6,0.07,254.03,
2022-10-31,-0.3915,,,,,,,3.08
2022-11-01,,6.430141331,300.325,18108.0,3.6,0.07,252.905,
2022-11-30,-0.6125,,,,,,,3.7800000000000002
2022-12-01,,6.544834898,301.394,18116.5,3.5,0.03,245.115,
2022-12-31,-0.6723809523809524,,,,,,,4.104193548387097
2023-01-01,,6.488563553,302.642,18449.1,3.5,-0.07,249.178,
2023-01-31,-0.6759999999999999,,,,,,,4.33
2023-02-01,,6.527668526,304.123,18491.6,3.6,0.0,249.308,
2023-02-28,-0.7868421052631579,,,,,,,4.57
2023-03-01,,6.394209,305.147,18520.4,3.5,0.0,248.98,
2023-03-31,-0.6395652173913043,,,,,,,4.6490322580645165
2023-04-01,,6.265662148,306.534,18641.8,3.4,0.0,248.583,
2023-04-30,-0.5559999999999999,,,,,,,4.83
2023-05-01,,5.978671526,307.652,18664.6,3.6,0.03,246.206,
2023-05-31,-0.5581818181818181,,,,,,,5.055806451612903
2023-06-01,,5.579747568,308.322,18773.0,3.6,0.07,245.784,
2023-06-30,-0.8914285714285713,,,,,,,5.076333333333333
2023-07-01,,5.394823057,308.96,18884.2,3.5,0.1,245.434,
2023-07-31,-0.9289999999999999,,,,,,,5.12
2023-08-01,,5.160383368,309.58,18953.3,3.7,0.13,251.093,
2023-08-31,-0.7339130434782608,,,,,,,5.33
2023-09-01,,4.94927892,310.539,19048.1,3.7,0.2,252.368,
2023-09-30,-0.643,,,,,,,5.33
2023-10-01,,4.882671706,311.457,19109.4,3.9,0.33,249.119,
2023-10-31,-0.26952380952380955,,,,,,,5.33
2023-11-01,,4.696200109,312.392,19178.9,3.7,0.3,246.497,
2023-11-30,-0.3795238095238095,,,,,,,5.33
2023-12-01,,4.563945276,313.195,19283.5,3.8,0.23,243.266,
2023-12-31,-0.437,,,,,,,5.33
2024-01-01,,4.605479434,314.319,19303.3,3.7,0.2,244.056,
2024-01-31,-0.2647619047619048,,,,,,,5.33
2024-02-01,,4.407590907,315.564,19446.5,3.9,0.27,248.295,
2024-02-29,-0.3365,,,,,,,5.33
2024-03-01,,4.513039611,316.792,19581.8,3.9,0.3,249.516,
2024-03-31,-0.3795,,,,,,,5.33
2024-04-01,,4.413239633,317.649,19665.7,3.9,0.37,251.376,
2024-04-30,-0.33409090909090905,,,,,,,5.33
2024-05-01,,4.31094549,318.095,19758.0,3.9,0.37,248.763,
2024-05-31,-0.3740909090909091,,,,,,,5.33
2024-06-01,,4.240748674,318.39,19844.5,4.1,0.43,247.72,
2024-06-30,-0.431578947368421,,,,,,,5.33
2024-07-01,,4.182298584,318.94,19949.5,4.2,0.53,249.847,
2024-07-31,-0.24727272727272728,,,,,,,5.33
2024-08-01,,4.1117892,319.75,20001.3,4.2,0.57,249.168,
2024-08-31,-0.09454545454545454,,,,,,,5.33
2024-09-01,,4.011581697,320.732,20147.6,4.1,0.5,246.339,
2024-09-30,0.101,,,,,,,5.13
2024-10-01,,3.975247122,321.731,20226.0,4.1,0.43,247.216,
2024-10-31,0.12318181818181818,,,,,,,4.83
2024-11-01,,3.890822722,322.657,20313.6,4.2,0.43,246.636,
2024-11-30,0.09842105263157895,,,,,,,4.638333333333334
2024-12-01,,3.752907132,323.259,20514.3,4.1,0.4,246.083,
2024-12-31,0.1657142857142857,,,,,,,4.47516129032258
2025-01-01,,3.624695912,324.638,20462.2,4.0,0.37,248.662,
2025-01-31,0.35714285714285715,,,,,,,4.33
2025-02-01,,3.520917355,325.465,20519.8,4.2,0.27,250.31,
2025-02-28,0.24105263157894738,,,,,,,4.33
2025-03-01,,3.265924267,325.69,20683.0,4.2,0.27,249.728,
2025-03-31,0.31047619047619046,,,,,,,4.33
2025-04-01,,3.178169333,326.467,20746.4,4.2,0.27,250.465,
2025-04-30,0.5014285714285714,,,,,,,4.33
2025-05-01,,3.167989734,326.893,20755.0,4.3,0.27,251.354,
2025-05-31,0.5038095238095238,,,,,,,4.33
2025-06-01,,3.302508446,327.658,20868.4,4.1,0.17,252.015,
2025-06-30,0.49450000000000005,,,,,,,4.33
2025-07-01,,3.427070021,328.682,21007.3,4.3,0.1,253.645,
2025-07-31,0.5095454545454546,,,,,,,4.33
2025-08-01,,3.430945316,329.7,21123.8,4.3,0.13,253.694,
2025-08-31,0.5609523809523809,,,,,,,4.33
2025-09-01,,3.322171495,330.418,21202.4,4.4,0.23,254.624,
2025-09-30,0.5519047619047619,,,,,,,4.224666666666667
2025-10-01,,3.077827,,21288.1,,,253.308,
2025-10-31,0.5404545454545455,,,,,,,4.088064516129032
2025-11-01,,2.954815062,331.043,21356.0,4.5,0.43,254.529,
2025-11-30,0.543888888888889,,,,,,,3.8763333333333336
2025-12-01,,3.006319158,331.814,21445.9,4.4,0.35,251.882,
2025-12-31,0.6422727272727273,,,,,,,3.7206451612903226
2026-01-01,,2.979750936,332.793,21511.8,4.3,0.3,253.333,
2026-01-31,0.6765,,,,,,,3.64
2026-02-01,,2.903909284,333.512,21615.1,4.4,0.27,257.169,
2026-02-28,0.6542105263157895,,,,,,,3.64
2026-03-01,,2.929321192,334.165,,4.3,0.2,265.266,
2026-03-31,0.5313636363636364,,,,,,,3.64
2026-04-30,0.5141666666666667,,,,,,,3.64
